"","Year","Month","Day","Maximum.temperature..Degree.C."
"1",2013,"June",1,15.8
"2",2013,"June",2,15.7
"3",2013,"June",3,14.8
"4",2013,"June",4,15
"5",2013,"June",5,14.6
"6",2013,"June",6,17.3
"7",2013,"June",7,14.5
"8",2013,"June",8,15.7
"9",2013,"June",9,14.4
"10",2013,"June",10,16.9
"11",2013,"June",11,14.8
"12",2013,"June",12,13.3
"13",2013,"June",13,12.8
"14",2013,"June",14,13.8
"15",2013,"June",15,14.2
"16",2013,"June",16,14.1
"17",2013,"June",17,11.6
"18",2013,"June",18,14.8
"19",2013,"June",19,14.1
"20",2013,"June",20,14.9
"21",2013,"June",21,15
"22",2013,"June",22,12.7
"23",2013,"June",23,12.3
"24",2013,"June",24,12.3
"25",2013,"June",25,16.4
"26",2013,"June",26,17.6
"27",2013,"June",27,18.2
"28",2013,"June",28,16.4
"29",2013,"June",29,13.3
"30",2013,"June",30,18.3
"31",2013,"July",1,17.9
"32",2013,"July",2,18.8
"33",2013,"July",3,16.2
"34",2013,"July",4,16.8
"35",2013,"July",5,14.1
"36",2013,"July",6,15.6
"37",2013,"July",7,13.6
"38",2013,"July",8,13.9
"39",2013,"July",9,13.6
"40",2013,"July",10,15.3
"41",2013,"July",11,16.3
"42",2013,"July",12,17.3
"43",2013,"July",13,15.4
"44",2013,"July",14,16.3
"45",2013,"July",15,18.5
"46",2013,"July",16,16.8
"47",2013,"July",17,18.7
"48",2013,"July",18,23.8
"49",2013,"July",19,16.9
"50",2013,"July",20,9.9
"51",2013,"July",21,10.7
"52",2013,"July",22,14.7
"53",2013,"July",23,12.9
"54",2013,"July",24,14
"55",2013,"July",25,12.5
"56",2013,"July",26,15
"57",2013,"July",27,14.2
"58",2013,"July",28,18.6
"59",2013,"July",29,19.2
"60",2013,"July",30,14.4
"61",2013,"July",31,15
"62",2013,"August",1,14.1
"63",2013,"August",2,14.2
"64",2013,"August",3,13.3
"65",2013,"August",4,13.7
"66",2013,"August",5,15.9
"67",2013,"August",6,16
"68",2013,"August",7,13.8
"69",2013,"August",8,13.4
"70",2013,"August",9,12.2
"71",2013,"August",10,17.9
"72",2013,"August",11,16.3
"73",2013,"August",12,14.1
"74",2013,"August",13,16.5
"75",2013,"August",14,14.4
"76",2013,"August",15,16.9
"77",2013,"August",16,17.9
"78",2013,"August",17,15.7
"79",2013,"August",18,17.6
"80",2013,"August",19,12.8
"81",2013,"August",20,12.7
"82",2013,"August",21,14.1
"83",2013,"August",22,15.1
"84",2013,"August",23,14.8
"85",2013,"August",24,16.5
"86",2013,"August",25,17.3
"87",2013,"August",26,19.4
"88",2013,"August",27,20.3
"89",2013,"August",28,22.4
"90",2013,"August",29,23.8
"91",2013,"August",30,19.1
"92",2013,"August",31,22.2
"93",2013,"September",1,23.4
"94",2013,"September",2,18.8
"95",2013,"September",3,24.2
"96",2013,"September",4,24.1
"97",2013,"September",5,19.7
"98",2013,"September",6,15.2
"99",2013,"September",7,17.9
"100",2013,"September",8,16.8
"101",2013,"September",9,23.2
"102",2013,"September",10,16.6
"103",2013,"September",11,16.9
"104",2013,"September",12,13.9
"105",2013,"September",13,16.4
"106",2013,"September",14,17.5
"107",2013,"September",15,21.9
"108",2013,"September",16,16.9
"109",2013,"September",17,17.7
"110",2013,"September",18,19.7
"111",2013,"September",19,17.2
"112",2013,"September",20,17.1
"113",2013,"September",21,19.4
"114",2013,"September",22,21.7
"115",2013,"September",23,24.3
"116",2013,"September",24,24
"117",2013,"September",25,23.6
"118",2013,"September",26,15.3
"119",2013,"September",27,20.3
"120",2013,"September",28,15.9
"121",2013,"September",29,21
"122",2013,"September",30,23.8
"123",2013,"October",1,16.3
"124",2013,"October",2,17.1
"125",2013,"October",3,14.7
"126",2013,"October",4,21
"127",2013,"October",5,25.2
"128",2013,"October",6,17.9
"129",2013,"October",7,16.9
"130",2013,"October",8,20.8
"131",2013,"October",9,26.7
"132",2013,"October",10,15.5
"133",2013,"October",11,20.6
"134",2013,"October",12,25.4
"135",2013,"October",13,17
"136",2013,"October",14,14.4
"137",2013,"October",15,19.4
"138",2013,"October",16,28
"139",2013,"October",17,15.3
"140",2013,"October",18,22
"141",2013,"October",19,26.5
"142",2013,"October",20,31.6
"143",2013,"October",21,17.4
"144",2013,"October",22,16.1
"145",2013,"October",23,15.3
"146",2013,"October",24,14.3
"147",2013,"October",25,15.7
"148",2013,"October",26,16.2
"149",2013,"October",27,16.9
"150",2013,"October",28,17.6
"151",2013,"October",29,16.2
"152",2013,"October",30,18
"153",2013,"October",31,16.2
"154",2013,"November",1,20.1
"155",2013,"November",2,24.6
"156",2013,"November",3,16.6
"157",2013,"November",4,15.9
"158",2013,"November",5,25
"159",2013,"November",6,30.3
"160",2013,"November",7,25.8
"161",2013,"November",8,17.7
"162",2013,"November",9,15.8
"163",2013,"November",10,16.3
"164",2013,"November",11,18.9
"165",2013,"November",12,16
"166",2013,"November",13,14.6
"167",2013,"November",14,15.9
"168",2013,"November",15,17
"169",2013,"November",16,17.1
"170",2013,"November",17,18.6
"171",2013,"November",18,26.9
"172",2013,"November",19,30.6
"173",2013,"November",20,17.8
"174",2013,"November",21,22.7
"175",2013,"November",22,21.9
"176",2013,"November",23,18.7
"177",2013,"November",24,17.7
"178",2013,"November",25,21.7
"179",2013,"November",26,28.2
"180",2013,"November",27,32.7
"181",2013,"November",28,24.1
"182",2013,"November",29,16.7
"183",2013,"November",30,17.9
"184",2013,"December",1,30.8
"185",2013,"December",2,35.5
"186",2013,"December",3,25.4
"187",2013,"December",4,21.1
"188",2013,"December",5,15.6
"189",2013,"December",6,17.5
"190",2013,"December",7,26.1
"191",2013,"December",8,27.6
"192",2013,"December",9,18.1
"193",2013,"December",10,20.3
"194",2013,"December",11,20
"195",2013,"December",12,21.8
"196",2013,"December",13,22.5
"197",2013,"December",14,18.1
"198",2013,"December",15,19.1
"199",2013,"December",16,19.3
"200",2013,"December",17,19.7
"201",2013,"December",18,26.3
"202",2013,"December",19,39.2
"203",2013,"December",20,22.2
"204",2013,"December",21,21
"205",2013,"December",22,28.7
"206",2013,"December",23,17.3
"207",2013,"December",24,21.5
"208",2013,"December",25,31.6
"209",2013,"December",26,26.7
"210",2013,"December",27,21.3
"211",2013,"December",28,36.2
"212",2013,"December",29,18.9
"213",2013,"December",30,20.7
"214",2013,"December",31,24.6
"215",2014,"January",1,26.5
"216",2014,"January",2,21.8
"217",2014,"January",3,21.6
"218",2014,"January",4,20.8
"219",2014,"January",5,26.2
"220",2014,"January",6,18.8
"221",2014,"January",7,19.2
"222",2014,"January",8,27.2
"223",2014,"January",9,32.3
"224",2014,"January",10,34.3
"225",2014,"January",11,21.1
"226",2014,"January",12,20.7
"227",2014,"January",13,29
"228",2014,"January",14,42
"229",2014,"January",15,41.6
"230",2014,"January",16,43.4
"231",2014,"January",17,42.5
"232",2014,"January",18,23.2
"233",2014,"January",19,20.8
"234",2014,"January",20,23.4
"235",2014,"January",21,21.9
"236",2014,"January",22,21.7
"237",2014,"January",23,28.4
"238",2014,"January",24,21.4
"239",2014,"January",25,19.1
"240",2014,"January",26,27.2
"241",2014,"January",27,34.6
"242",2014,"January",28,41
"243",2014,"January",29,22.9
"244",2014,"January",30,28.1
"245",2014,"January",31,24.8
"246",2014,"February",1,27.7
"247",2014,"February",2,38.1
"248",2014,"February",3,34.6
"249",2014,"February",4,25.8
"250",2014,"February",5,30.3
"251",2014,"February",6,34.5
"252",2014,"February",7,35.6
"253",2014,"February",8,40.7
"254",2014,"February",9,39.4
"255",2014,"February",10,22.4
"256",2014,"February",11,25.5
"257",2014,"February",12,25.7
"258",2014,"February",13,25.5
"259",2014,"February",14,25.5
"260",2014,"February",15,28.2
"261",2014,"February",16,21.6
"262",2014,"February",17,24.6
"263",2014,"February",18,30.7
"264",2014,"February",19,24.6
"265",2014,"February",20,20
"266",2014,"February",21,19.4
"267",2014,"February",22,19.3
"268",2014,"February",23,21.2
"269",2014,"February",24,23.9
"270",2014,"February",25,33.2
"271",2014,"February",26,20.6
"272",2014,"February",27,20
"273",2014,"February",28,21.3
"274",2014,"March",1,22.3
"275",2014,"March",2,21.2
"276",2014,"March",3,23.2
"277",2014,"March",4,32.9
"278",2014,"March",5,22.6
"279",2014,"March",6,19.6
"280",2014,"March",7,22
"281",2014,"March",8,27.4
"282",2014,"March",9,32.6
"283",2014,"March",10,32.3
"284",2014,"March",11,31.7
"285",2014,"March",12,20.4
"286",2014,"March",13,21.4
"287",2014,"March",14,25.9
"288",2014,"March",15,29.5
"289",2014,"March",16,20.3
"290",2014,"March",17,25.3
"291",2014,"March",18,24.3
"292",2014,"March",19,21
"293",2014,"March",20,30.3
"294",2014,"March",21,22.7
"295",2014,"March",22,18.1
"296",2014,"March",23,17.7
"297",2014,"March",24,18.2
"298",2014,"March",25,24.4
"299",2014,"March",26,26.9
"300",2014,"March",27,25.8
"301",2014,"March",28,20.5
"302",2014,"March",29,22.1
"303",2014,"March",30,24.3
"304",2014,"March",31,30.5
"305",2014,"April",1,33.1
"306",2014,"April",2,24.9
"307",2014,"April",3,17.7
"308",2014,"April",4,19.4
"309",2014,"April",5,24.2
"310",2014,"April",6,24.3
"311",2014,"April",7,25.5
"312",2014,"April",8,22.1
"313",2014,"April",9,17.9
"314",2014,"April",10,19
"315",2014,"April",11,18.6
"316",2014,"April",12,22.3
"317",2014,"April",13,20.3
"318",2014,"April",14,20.6
"319",2014,"April",15,20.3
"320",2014,"April",16,21
"321",2014,"April",17,23.5
"322",2014,"April",18,18.7
"323",2014,"April",19,17
"324",2014,"April",20,19.2
"325",2014,"April",21,19
"326",2014,"April",22,17.2
"327",2014,"April",23,18.4
"328",2014,"April",24,17
"329",2014,"April",25,20.7
"330",2014,"April",26,19.2
"331",2014,"April",27,16.7
"332",2014,"April",28,22.8
"333",2014,"April",29,20.2
"334",2014,"April",30,16.3
"335",2014,"May",1,15.9
"336",2014,"May",2,14.4
"337",2014,"May",3,16
"338",2014,"May",4,13.2
"339",2014,"May",5,16.9
"340",2014,"May",6,15.4
"341",2014,"May",7,15.3
"342",2014,"May",8,18.7
"343",2014,"May",9,19.1
"344",2014,"May",10,16.3
"345",2014,"May",11,19.6
"346",2014,"May",12,18.7
"347",2014,"May",13,20.8
"348",2014,"May",14,21.1
"349",2014,"May",15,22.9
"350",2014,"May",16,23.4
"351",2014,"May",17,20.3
"352",2014,"May",18,22.4
"353",2014,"May",19,23.5
"354",2014,"May",20,21.8
"355",2014,"May",21,23.7
"356",2014,"May",22,21
"357",2014,"May",23,19.8
"358",2014,"May",24,16.3
"359",2014,"May",25,20.9
"360",2014,"May",26,22.2
"361",2014,"May",27,20.5
"362",2014,"May",28,18.2
"363",2014,"May",29,15.5
"364",2014,"May",30,17.5
"365",2014,"May",31,18.9
"366",2014,"June",1,15.3
"367",2014,"June",2,16.4
"368",2014,"June",3,16.3
"369",2014,"June",4,18.7
"370",2014,"June",5,15.1
"371",2014,"June",6,15.3
"372",2014,"June",7,16.4
"373",2014,"June",8,14.8
"374",2014,"June",9,15.6
"375",2014,"June",10,18.6
"376",2014,"June",11,17.1
"377",2014,"June",12,16.4
"378",2014,"June",13,17.5
"379",2014,"June",14,14.7
"380",2014,"June",15,14.7
"381",2014,"June",16,16.6
"382",2014,"June",17,14.9
"383",2014,"June",18,14.1
"384",2014,"June",19,12.5
"385",2014,"June",20,15.8
"386",2014,"June",21,15.9
"387",2014,"June",22,15.7
"388",2014,"June",23,15
"389",2014,"June",24,14.3
"390",2014,"June",25,15.8
"391",2014,"June",26,16.2
"392",2014,"June",27,15.1
"393",2014,"June",28,13.3
"394",2014,"June",29,11.1
"395",2014,"June",30,13.2
"396",2014,"July",1,13.3
"397",2014,"July",2,16.7
"398",2014,"July",3,13.1
"399",2014,"July",4,12.8
"400",2014,"July",5,15.3
"401",2014,"July",6,13.8
"402",2014,"July",7,15.8
"403",2014,"July",8,15.1
"404",2014,"July",9,11.7
"405",2014,"July",10,14.7
"406",2014,"July",11,14.6
"407",2014,"July",12,10.4
"408",2014,"July",13,13.6
"409",2014,"July",14,13.5
"410",2014,"July",15,13.2
"411",2014,"July",16,14.7
"412",2014,"July",17,12.3
"413",2014,"July",18,12.5
"414",2014,"July",19,12.7
"415",2014,"July",20,13.7
"416",2014,"July",21,12.9
"417",2014,"July",22,12.2
"418",2014,"July",23,14.1
"419",2014,"July",24,15
"420",2014,"July",25,16.4
"421",2014,"July",26,14.8
"422",2014,"July",27,16.8
"423",2014,"July",28,16.9
"424",2014,"July",29,16.8
"425",2014,"July",30,19.3
"426",2014,"July",31,19.7
"427",2014,"August",1,10.1
"428",2014,"August",2,11.9
"429",2014,"August",3,14.4
"430",2014,"August",4,14.9
"431",2014,"August",5,16.8
"432",2014,"August",6,16
"433",2014,"August",7,14.1
"434",2014,"August",8,16.3
"435",2014,"August",9,15.2
"436",2014,"August",10,12.2
"437",2014,"August",11,12.2
"438",2014,"August",12,11.9
"439",2014,"August",13,13.5
"440",2014,"August",14,13.7
"441",2014,"August",15,16.9
"442",2014,"August",16,11.7
"443",2014,"August",17,15
"444",2014,"August",18,13.5
"445",2014,"August",19,13.4
"446",2014,"August",20,12.6
"447",2014,"August",21,17.8
"448",2014,"August",22,20.2
"449",2014,"August",23,20.7
"450",2014,"August",24,15.5
"451",2014,"August",25,16.6
"452",2014,"August",26,17.6
"453",2014,"August",27,17.4
"454",2014,"August",28,18.8
"455",2014,"August",29,14.9
"456",2014,"August",30,21.1
"457",2014,"August",31,21.8
"458",2014,"September",1,15.5
"459",2014,"September",2,14.2
"460",2014,"September",3,13.8
"461",2014,"September",4,14.3
"462",2014,"September",5,15.1
"463",2014,"September",6,18.1
"464",2014,"September",7,20.8
"465",2014,"September",8,21.5
"466",2014,"September",9,20.1
"467",2014,"September",10,19.3
"468",2014,"September",11,16.4
"469",2014,"September",12,15.5
"470",2014,"September",13,17.2
"471",2014,"September",14,19.8
"472",2014,"September",15,18.4
"473",2014,"September",16,14.8
"474",2014,"September",17,15.9
"475",2014,"September",18,13.5
"476",2014,"September",19,14.7
"477",2014,"September",20,15.1
"478",2014,"September",21,16.4
"479",2014,"September",22,23.3
"480",2014,"September",23,25.7
"481",2014,"September",24,23.8
"482",2014,"September",25,15.4
"483",2014,"September",26,18.7
"484",2014,"September",27,23.2
"485",2014,"September",28,28
"486",2014,"September",29,23.3
"487",2014,"September",30,24
"488",2014,"October",1,15.2
"489",2014,"October",2,17.1
"490",2014,"October",3,19.6
"491",2014,"October",4,26.3
"492",2014,"October",5,17.4
"493",2014,"October",6,25.4
"494",2014,"October",7,17.2
"495",2014,"October",8,18.6
"496",2014,"October",9,21.9
"497",2014,"October",10,24.5
"498",2014,"October",11,20
"499",2014,"October",12,26.9
"500",2014,"October",13,14.6
"501",2014,"October",14,15.6
"502",2014,"October",15,15.4
"503",2014,"October",16,15.6
"504",2014,"October",17,16.3
"505",2014,"October",18,24.6
"506",2014,"October",19,29.2
"507",2014,"October",20,20.7
"508",2014,"October",21,28.2
"509",2014,"October",22,32.3
"510",2014,"October",23,22.3
"511",2014,"October",24,30.3
"512",2014,"October",25,18.2
"513",2014,"October",26,24.7
"514",2014,"October",27,19.4
"515",2014,"October",28,19.5
"516",2014,"October",29,21.8
"517",2014,"October",30,21.3
"518",2014,"October",31,32.3
"519",2014,"November",1,17.2
"520",2014,"November",2,15.4
"521",2014,"November",3,23.1
"522",2014,"November",4,28.8
"523",2014,"November",5,16.8
"524",2014,"November",6,22.5
"525",2014,"November",7,32.1
"526",2014,"November",8,34.9
"527",2014,"November",9,17.5
"528",2014,"November",10,19.6
"529",2014,"November",11,17
"530",2014,"November",12,22.8
"531",2014,"November",13,30.6
"532",2014,"November",14,18.9
"533",2014,"November",15,17.6
"534",2014,"November",16,17.6
"535",2014,"November",17,19.1
"536",2014,"November",18,19.9
"537",2014,"November",19,29.2
"538",2014,"November",20,28.4
"539",2014,"November",21,22.2
"540",2014,"November",22,31
"541",2014,"November",23,24.5
"542",2014,"November",24,19.7
"543",2014,"November",25,20.9
"544",2014,"November",26,18.9
"545",2014,"November",27,18.3
"546",2014,"November",28,18.8
"547",2014,"November",29,24.1
"548",2014,"November",30,35
"549",2014,"December",1,28.1
"550",2014,"December",2,24.3
"551",2014,"December",3,23.9
"552",2014,"December",4,25.6
"553",2014,"December",5,20.4
"554",2014,"December",6,22.7
"555",2014,"December",7,17.8
"556",2014,"December",8,20.1
"557",2014,"December",9,19
"558",2014,"December",10,20
"559",2014,"December",11,19.8
"560",2014,"December",12,26.6
"561",2014,"December",13,30.7
"562",2014,"December",14,25.1
"563",2014,"December",15,22.9
"564",2014,"December",16,32.3
"565",2014,"December",17,21.6
"566",2014,"December",18,24.8
"567",2014,"December",19,19.3
"568",2014,"December",20,22.5
"569",2014,"December",21,33.1
"570",2014,"December",22,23.6
"571",2014,"December",23,26.5
"572",2014,"December",24,21.3
"573",2014,"December",25,23
"574",2014,"December",26,18.9
"575",2014,"December",27,21.1
"576",2014,"December",28,32
"577",2014,"December",29,26.2
"578",2014,"December",30,23.4
"579",2014,"December",31,25.3
"580",2015,"January",1,26.9
"581",2015,"January",2,38.8
"582",2015,"January",3,38.2
"583",2015,"January",4,21.4
"584",2015,"January",5,22
"585",2015,"January",6,26
"586",2015,"January",7,37.4
"587",2015,"January",8,28.2
"588",2015,"January",9,18
"589",2015,"January",10,21.7
"590",2015,"January",11,27.5
"591",2015,"January",12,31.3
"592",2015,"January",13,25.6
"593",2015,"January",14,22.7
"594",2015,"January",15,20
"595",2015,"January",16,27.3
"596",2015,"January",17,25
"597",2015,"January",18,19.5
"598",2015,"January",19,23.6
"599",2015,"January",20,30.4
"600",2015,"January",21,33.1
"601",2015,"January",22,35.8
"602",2015,"January",23,25
"603",2015,"January",24,26.3
"604",2015,"January",25,22
"605",2015,"January",26,19.8
"606",2015,"January",27,19.1
"607",2015,"January",28,25.4
"608",2015,"January",29,22.2
"609",2015,"January",30,21
"610",2015,"January",31,20.2
"611",2015,"February",1,19
"612",2015,"February",2,21.1
"613",2015,"February",3,20
"614",2015,"February",4,19
"615",2015,"February",5,24.2
"616",2015,"February",6,35.7
"617",2015,"February",7,35
"618",2015,"February",8,21.5
"619",2015,"February",9,28.3
"620",2015,"February",10,27.8
"621",2015,"February",11,26.8
"622",2015,"February",12,21.9
"623",2015,"February",13,32.4
"624",2015,"February",14,25.1
"625",2015,"February",15,34.4
"626",2015,"February",16,24.6
"627",2015,"February",17,20.6
"628",2015,"February",18,21.2
"629",2015,"February",19,26.9
"630",2015,"February",20,25.3
"631",2015,"February",21,36.1
"632",2015,"February",22,35.3
"633",2015,"February",23,29.3
"634",2015,"February",24,20.1
"635",2015,"February",25,27
"636",2015,"February",26,23.2
"637",2015,"February",27,24.3
"638",2015,"February",28,32.3
"639",2015,"March",1,20.8
"640",2015,"March",2,23
"641",2015,"March",3,22.7
"642",2015,"March",4,23.5
"643",2015,"March",5,18.6
"644",2015,"March",6,21.1
"645",2015,"March",7,22.6
"646",2015,"March",8,24.4
"647",2015,"March",9,23.8
"648",2015,"March",10,21.7
"649",2015,"March",11,23.8
"650",2015,"March",12,19.9
"651",2015,"March",13,20.4
"652",2015,"March",14,30.1
"653",2015,"March",15,18.3
"654",2015,"March",16,25.5
"655",2015,"March",17,26.2
"656",2015,"March",18,24.4
"657",2015,"March",19,33.5
"658",2015,"March",20,19.6
"659",2015,"March",21,22.7
"660",2015,"March",22,28.8
"661",2015,"March",23,27
"662",2015,"March",24,15.3
"663",2015,"March",25,20.4
"664",2015,"March",26,18
"665",2015,"March",27,18.1
"666",2015,"March",28,19.1
"667",2015,"March",29,22.7
"668",2015,"March",30,23.1
"669",2015,"March",31,25.3
"670",2015,"April",1,29
"671",2015,"April",2,17.2
"672",2015,"April",3,20.9
"673",2015,"April",4,23.5
"674",2015,"April",5,18.5
"675",2015,"April",6,18.4
"676",2015,"April",7,17.3
"677",2015,"April",8,17.7
"678",2015,"April",9,19.1
"679",2015,"April",10,18.7
"680",2015,"April",11,23.7
"681",2015,"April",12,18.3
"682",2015,"April",13,19.1
"683",2015,"April",14,24.7
"684",2015,"April",15,27.6
"685",2015,"April",16,17.8
"686",2015,"April",17,17.1
"687",2015,"April",18,21.9
"688",2015,"April",19,14.7
"689",2015,"April",20,16.2
"690",2015,"April",21,17.7
"691",2015,"April",22,19.5
"692",2015,"April",23,19.2
"693",2015,"April",24,21.1
"694",2015,"April",25,15
"695",2015,"April",26,15.4
"696",2015,"April",27,15.1
"697",2015,"April",28,16
"698",2015,"April",29,17.1
"699",2015,"April",30,19.6
"700",2015,"May",1,23.1
"701",2015,"May",2,22.2
"702",2015,"May",3,18.2
"703",2015,"May",4,22.3
"704",2015,"May",5,18.1
"705",2015,"May",6,16.2
"706",2015,"May",7,15.6
"707",2015,"May",8,15.9
"708",2015,"May",9,18.7
"709",2015,"May",10,16.6
"710",2015,"May",11,15.9
"711",2015,"May",12,17.4
"712",2015,"May",13,12.8
"713",2015,"May",14,14.6
"714",2015,"May",15,14.5
"715",2015,"May",16,16.2
"716",2015,"May",17,20.5
"717",2015,"May",18,20.4
"718",2015,"May",19,16.2
"719",2015,"May",20,18.1
"720",2015,"May",21,13.6
"721",2015,"May",22,14.1
"722",2015,"May",23,13.3
"723",2015,"May",24,15.6
"724",2015,"May",25,17.1
"725",2015,"May",26,15.6
"726",2015,"May",27,18.7
"727",2015,"May",28,19.7
"728",2015,"May",29,15.8
"729",2015,"May",30,17.3
"730",2015,"May",31,16.8
"731",2015,"June",1,12.2
"732",2015,"June",2,11.4
"733",2015,"June",3,13.6
"734",2015,"June",4,11.3
"735",2015,"June",5,15
"736",2015,"June",6,16.6
"737",2015,"June",7,14.5
"738",2015,"June",8,18.5
"739",2015,"June",9,13.5
"740",2015,"June",10,13.4
"741",2015,"June",11,14
"742",2015,"June",12,13.1
"743",2015,"June",13,18.2
"744",2015,"June",14,17.4
"745",2015,"June",15,16.9
"746",2015,"June",16,16.1
"747",2015,"June",17,13.8
"748",2015,"June",18,12.7
"749",2015,"June",19,12.4
"750",2015,"June",20,11.6
"751",2015,"June",21,12.9
"752",2015,"June",22,14.1
"753",2015,"June",23,17.6
"754",2015,"June",24,16
"755",2015,"June",25,14
"756",2015,"June",26,16.9
"757",2015,"June",27,14.1
"758",2015,"June",28,14.5
"759",2015,"June",29,12.3
"760",2015,"June",30,14.2
"761",2015,"July",1,15
"762",2015,"July",2,11.9
"763",2015,"July",3,12
"764",2015,"July",4,10.6
"765",2015,"July",5,14.9
"766",2015,"July",6,11.5
"767",2015,"July",7,14.2
"768",2015,"July",8,14.8
"769",2015,"July",9,13.4
"770",2015,"July",10,14.3
"771",2015,"July",11,13.1
"772",2015,"July",12,12.3
"773",2015,"July",13,12.7
"774",2015,"July",14,9.8
"775",2015,"July",15,10.5
"776",2015,"July",16,12.3
"777",2015,"July",17,12.3
"778",2015,"July",18,11.5
"779",2015,"July",19,12.1
"780",2015,"July",20,14.7
"781",2015,"July",21,17
"782",2015,"July",22,16.6
"783",2015,"July",23,16.1
"784",2015,"July",24,15
"785",2015,"July",25,13.3
"786",2015,"July",26,11.6
"787",2015,"July",27,13.9
"788",2015,"July",28,14.4
"789",2015,"July",29,14
"790",2015,"July",30,12.3
"791",2015,"July",31,14
"792",2015,"August",1,11.4
"793",2015,"August",2,14.9
"794",2015,"August",3,10.8
"795",2015,"August",4,11.3
"796",2015,"August",5,10.8
"797",2015,"August",6,12.8
"798",2015,"August",7,13.1
"799",2015,"August",8,12.6
"800",2015,"August",9,13.3
"801",2015,"August",10,16
"802",2015,"August",11,14.8
"803",2015,"August",12,14.8
"804",2015,"August",13,13
"805",2015,"August",14,15.3
"806",2015,"August",15,14.9
"807",2015,"August",16,17
"808",2015,"August",17,12.2
"809",2015,"August",18,11.1
"810",2015,"August",19,12.7
"811",2015,"August",20,17.1
"812",2015,"August",21,18.7
"813",2015,"August",22,18.8
"814",2015,"August",23,16.3
"815",2015,"August",24,14.5
"816",2015,"August",25,14.3
"817",2015,"August",26,14.6
"818",2015,"August",27,11.7
"819",2015,"August",28,13.2
"820",2015,"August",29,11.7
"821",2015,"August",30,12.5
"822",2015,"August",31,13
"823",2015,"September",1,16.2
"824",2015,"September",2,18.8
"825",2015,"September",3,14
"826",2015,"September",4,13.7
"827",2015,"September",5,14
"828",2015,"September",6,16.6
"829",2015,"September",7,13.6
"830",2015,"September",8,12.8
"831",2015,"September",9,15.3
"832",2015,"September",10,15.7
"833",2015,"September",11,20.1
"834",2015,"September",12,21.7
"835",2015,"September",13,25.5
"836",2015,"September",14,26.7
"837",2015,"September",15,15.9
"838",2015,"September",16,14.8
"839",2015,"September",17,14.3
"840",2015,"September",18,14.7
"841",2015,"September",19,21.3
"842",2015,"September",20,22.9
"843",2015,"September",21,18.1
"844",2015,"September",22,12.7
"845",2015,"September",23,12.6
"846",2015,"September",24,14.3
"847",2015,"September",25,19.1
"848",2015,"September",26,17.9
"849",2015,"September",27,20.2
"850",2015,"September",28,21.4
"851",2015,"September",29,16.9
"852",2015,"September",30,15.9
"853",2015,"October",1,21.6
"854",2015,"October",2,28.6
"855",2015,"October",3,31.3
"856",2015,"October",4,24.9
"857",2015,"October",5,34.4
"858",2015,"October",6,35.8
"859",2015,"October",7,16.2
"860",2015,"October",8,18.6
"861",2015,"October",9,29.9
"862",2015,"October",10,29.2
"863",2015,"October",11,19.2
"864",2015,"October",12,16.1
"865",2015,"October",13,17.6
"866",2015,"October",14,28.6
"867",2015,"October",15,34
"868",2015,"October",16,23.8
"869",2015,"October",17,20.5
"870",2015,"October",18,17.7
"871",2015,"October",19,26.7
"872",2015,"October",20,31.8
"873",2015,"October",21,18.3
"874",2015,"October",22,16.7
"875",2015,"October",23,16.4
"876",2015,"October",24,19.5
"877",2015,"October",25,31.3
"878",2015,"October",26,15.9
"879",2015,"October",27,23.3
"880",2015,"October",28,26.8
"881",2015,"October",29,26.1
"882",2015,"October",30,27.4
"883",2015,"October",31,25.9
"884",2015,"November",1,26
"885",2015,"November",2,16
"886",2015,"November",3,17.9
"887",2015,"November",4,27.2
"888",2015,"November",5,24.7
"889",2015,"November",6,18.7
"890",2015,"November",7,16.8
"891",2015,"November",8,24.8
"892",2015,"November",9,33.1
"893",2015,"November",10,16.4
"894",2015,"November",11,20.1
"895",2015,"November",12,21.2
"896",2015,"November",13,18.2
"897",2015,"November",14,18.3
"898",2015,"November",15,18.5
"899",2015,"November",16,26.3
"900",2015,"November",17,33.3
"901",2015,"November",18,29.5
"902",2015,"November",19,31.5
"903",2015,"November",20,19.1
"904",2015,"November",21,17.5
"905",2015,"November",22,20
"906",2015,"November",23,20.7
"907",2015,"November",24,24.5
"908",2015,"November",25,33.3
"909",2015,"November",26,17.4
"910",2015,"November",27,18.2
"911",2015,"November",28,20.1
"912",2015,"November",29,20.3
"913",2015,"November",30,32.2
"914",2015,"December",1,24.6
"915",2015,"December",2,17.5
"916",2015,"December",3,21.3
"917",2015,"December",4,30.8
"918",2015,"December",5,25.3
"919",2015,"December",6,29.8
"920",2015,"December",7,27.3
"921",2015,"December",8,35.4
"922",2015,"December",9,24.6
"923",2015,"December",10,26
"924",2015,"December",11,19.2
"925",2015,"December",12,18.3
"926",2015,"December",13,28.3
"927",2015,"December",14,22.7
"928",2015,"December",15,24.6
"929",2015,"December",16,27.5
"930",2015,"December",17,37.2
"931",2015,"December",18,35.4
"932",2015,"December",19,41.2
"933",2015,"December",20,37.8
"934",2015,"December",21,20.2
"935",2015,"December",22,22.8
"936",2015,"December",23,26
"937",2015,"December",24,34.6
"938",2015,"December",25,34.1
"939",2015,"December",26,20
"940",2015,"December",27,19.4
"941",2015,"December",28,20.8
"942",2015,"December",29,23.9
"943",2015,"December",30,34.7
"944",2015,"December",31,39.7
"945",2016,"January",1,24.2
"946",2016,"January",2,27.6
"947",2016,"January",3,27.1
"948",2016,"January",4,26
"949",2016,"January",5,25.7
"950",2016,"January",6,25.7
"951",2016,"January",7,21.3
"952",2016,"January",8,20.6
"953",2016,"January",9,21.4
"954",2016,"January",10,31.5
"955",2016,"January",11,36.4
"956",2016,"January",12,24.8
"957",2016,"January",13,42.2
"958",2016,"January",14,18.1
"959",2016,"January",15,19.2
"960",2016,"January",16,22.3
"961",2016,"January",17,32.7
"962",2016,"January",18,35.3
"963",2016,"January",19,30.9
"964",2016,"January",20,29.1
"965",2016,"January",21,26.7
"966",2016,"January",22,22.8
"967",2016,"January",23,21.9
"968",2016,"January",24,22.2
"969",2016,"January",25,20.9
"970",2016,"January",26,29.4
"971",2016,"January",27,29.5
"972",2016,"January",28,27.5
"973",2016,"January",29,18.3
"974",2016,"January",30,22.4
"975",2016,"January",31,21.8
"976",2016,"February",1,23.6
"977",2016,"February",2,31.5
"978",2016,"February",3,21
"979",2016,"February",4,20.9
"980",2016,"February",5,29.4
"981",2016,"February",6,32.6
"982",2016,"February",7,27.7
"983",2016,"February",8,22.9
"984",2016,"February",9,22.7
"985",2016,"February",10,23.3
"986",2016,"February",11,23.8
"987",2016,"February",12,24.9
"988",2016,"February",13,30.3
"989",2016,"February",14,24.5
"990",2016,"February",15,26.1
"991",2016,"February",16,18.4
"992",2016,"February",17,21.1
"993",2016,"February",18,22.6
"994",2016,"February",19,22
"995",2016,"February",20,20.8
"996",2016,"February",21,24.7
"997",2016,"February",22,29.5
"998",2016,"February",23,39.4
"999",2016,"February",24,25.6
"1000",2016,"February",25,26.4
"1001",2016,"February",26,23.5
"1002",2016,"February",27,22.2
"1003",2016,"February",28,22.7
"1004",2016,"February",29,23.7
"1005",2016,"March",1,33.7
"1006",2016,"March",2,34.7
"1007",2016,"March",3,23.9
"1008",2016,"March",4,33
"1009",2016,"March",5,23.7
"1010",2016,"March",6,25.2
"1011",2016,"March",7,24.9
"1012",2016,"March",8,38.9
"1013",2016,"March",9,28.5
"1014",2016,"March",10,22.1
"1015",2016,"March",11,26.1
"1016",2016,"March",12,22.3
"1017",2016,"March",13,23.2
"1018",2016,"March",14,21.3
"1019",2016,"March",15,26.8
"1020",2016,"March",16,31.4
"1021",2016,"March",17,32.5
"1022",2016,"March",18,19.5
"1023",2016,"March",19,18.8
"1024",2016,"March",20,23.3
"1025",2016,"March",21,23.5
"1026",2016,"March",22,24.3
"1027",2016,"March",23,28.8
"1028",2016,"March",24,21.2
"1029",2016,"March",25,20.4
"1030",2016,"March",26,20.2
"1031",2016,"March",27,19.9
"1032",2016,"March",28,19.2
"1033",2016,"March",29,17.9
"1034",2016,"March",30,18.7
"1035",2016,"March",31,22.7
"1036",2016,"April",1,26.5
"1037",2016,"April",2,19.5
"1038",2016,"April",3,18.8
"1039",2016,"April",4,21.2
"1040",2016,"April",5,29
"1041",2016,"April",6,15.6
"1042",2016,"April",7,18.4
"1043",2016,"April",8,20
"1044",2016,"April",9,22.3
"1045",2016,"April",10,23.5
"1046",2016,"April",11,20.1
"1047",2016,"April",12,18.7
"1048",2016,"April",13,20
"1049",2016,"April",14,27
"1050",2016,"April",15,27
"1051",2016,"April",16,20.3
"1052",2016,"April",17,19.8
"1053",2016,"April",18,25
"1054",2016,"April",19,27.4
"1055",2016,"April",20,28
"1056",2016,"April",21,24.2
"1057",2016,"April",22,16.7
"1058",2016,"April",23,18.6
"1059",2016,"April",24,20
"1060",2016,"April",25,25
"1061",2016,"April",26,25.6
"1062",2016,"April",27,25.4
"1063",2016,"April",28,24.9
"1064",2016,"April",29,20.6
"1065",2016,"April",30,24.1
"1066",2016,"May",1,17
"1067",2016,"May",2,18.4
"1068",2016,"May",3,20.1
"1069",2016,"May",4,18.2
"1070",2016,"May",5,20.5
"1071",2016,"May",6,24.7
"1072",2016,"May",7,25.7
"1073",2016,"May",8,20.4
"1074",2016,"May",9,22.2
"1075",2016,"May",10,17.2
"1076",2016,"May",11,17.4
"1077",2016,"May",12,21.4
"1078",2016,"May",13,21.6
"1079",2016,"May",14,21.7
"1080",2016,"May",15,22
"1081",2016,"May",16,19.6
"1082",2016,"May",17,17.1
"1083",2016,"May",18,19.3
"1084",2016,"May",19,18.4
"1085",2016,"May",20,17.4
"1086",2016,"May",21,18.5
"1087",2016,"May",22,22.2
"1088",2016,"May",23,17.2
"1089",2016,"May",24,15.8
"1090",2016,"May",25,15.6
"1091",2016,"May",26,12.5
"1092",2016,"May",27,14.4
"1093",2016,"May",28,13.2
"1094",2016,"May",29,13.9
"1095",2016,"May",30,15.4
"1096",2016,"May",31,17.4
"1097",2016,"June",1,17
"1098",2016,"June",2,12.8
"1099",2016,"June",3,14.1
"1100",2016,"June",4,13.4
"1101",2016,"June",5,14.1
"1102",2016,"June",6,14.5
"1103",2016,"June",7,15.3
"1104",2016,"June",8,14.7
"1105",2016,"June",9,17.5
"1106",2016,"June",10,15.8
"1107",2016,"June",11,13.5
"1108",2016,"June",12,13.8
"1109",2016,"June",13,13.4
"1110",2016,"June",14,15.6
"1111",2016,"June",15,17.9
"1112",2016,"June",16,14.3
"1113",2016,"June",17,15.1
"1114",2016,"June",18,12.7
"1115",2016,"June",19,13.5
"1116",2016,"June",20,13.2
"1117",2016,"June",21,14.7
"1118",2016,"June",22,15.4
"1119",2016,"June",23,14.8
"1120",2016,"June",24,10.7
"1121",2016,"June",25,12.7
"1122",2016,"June",26,11.1
"1123",2016,"June",27,10.6
"1124",2016,"June",28,17
"1125",2016,"June",29,15.8
"1126",2016,"June",30,11.7
"1127",2016,"July",1,14.1
"1128",2016,"July",2,16.5
"1129",2016,"July",3,16.7
"1130",2016,"July",4,12.7
"1131",2016,"July",5,12.8
"1132",2016,"July",6,13
"1133",2016,"July",7,13.7
"1134",2016,"July",8,15.3
"1135",2016,"July",9,15.2
"1136",2016,"July",10,14.2
"1137",2016,"July",11,16
"1138",2016,"July",12,13.7
"1139",2016,"July",13,12
"1140",2016,"July",14,14
"1141",2016,"July",15,14.1
"1142",2016,"July",16,13.7
"1143",2016,"July",17,16.1
"1144",2016,"July",18,17.7
"1145",2016,"July",19,16
"1146",2016,"July",20,16.1
"1147",2016,"July",21,18.1
"1148",2016,"July",22,18.3
"1149",2016,"July",23,11.6
"1150",2016,"July",24,11.4
"1151",2016,"July",25,14.3
"1152",2016,"July",26,11
"1153",2016,"July",27,12.9
"1154",2016,"July",28,15.2
"1155",2016,"July",29,15.3
"1156",2016,"July",30,13.8
"1157",2016,"July",31,17
"1158",2016,"August",1,14.4
"1159",2016,"August",2,13.4
"1160",2016,"August",3,12.8
"1161",2016,"August",4,14.6
"1162",2016,"August",5,14.6
"1163",2016,"August",6,14.4
"1164",2016,"August",7,16.6
"1165",2016,"August",8,14.2
"1166",2016,"August",9,18.9
"1167",2016,"August",10,15.3
"1168",2016,"August",11,15.7
"1169",2016,"August",12,14.1
"1170",2016,"August",13,15.1
"1171",2016,"August",14,18.7
"1172",2016,"August",15,18.1
"1173",2016,"August",16,18.2
"1174",2016,"August",17,15.6
"1175",2016,"August",18,21.6
"1176",2016,"August",19,16.4
"1177",2016,"August",20,13.6
"1178",2016,"August",21,14.8
"1179",2016,"August",22,16
"1180",2016,"August",23,13.4
"1181",2016,"August",24,12.7
"1182",2016,"August",25,13
"1183",2016,"August",26,14.4
"1184",2016,"August",27,16.3
"1185",2016,"August",28,19
"1186",2016,"August",29,20.4
"1187",2016,"August",30,16.8
"1188",2016,"August",31,20.2
"1189",2016,"September",1,15.5
"1190",2016,"September",2,15
"1191",2016,"September",3,15.7
"1192",2016,"September",4,16.9
"1193",2016,"September",5,18.4
"1194",2016,"September",6,21.5
"1195",2016,"September",7,21
"1196",2016,"September",8,23.3
"1197",2016,"September",9,16.7
"1198",2016,"September",10,14.3
"1199",2016,"September",11,17
"1200",2016,"September",12,13.6
"1201",2016,"September",13,14.6
"1202",2016,"September",14,16.1
"1203",2016,"September",15,14.6
"1204",2016,"September",16,15.7
"1205",2016,"September",17,19.8
"1206",2016,"September",18,12.5
"1207",2016,"September",19,16.3
"1208",2016,"September",20,18.8
"1209",2016,"September",21,15.2
"1210",2016,"September",22,13.4
"1211",2016,"September",23,16.5
"1212",2016,"September",24,20.1
"1213",2016,"September",25,14.7
"1214",2016,"September",26,16.9
"1215",2016,"September",27,14.8
"1216",2016,"September",28,19.3
"1217",2016,"September",29,16.7
"1218",2016,"September",30,16.4
"1219",2016,"October",1,18.6
"1220",2016,"October",2,24
"1221",2016,"October",3,15.9
"1222",2016,"October",4,17.1
"1223",2016,"October",5,17.1
"1224",2016,"October",6,27.2
"1225",2016,"October",7,22.5
"1226",2016,"October",8,16.9
"1227",2016,"October",9,22
"1228",2016,"October",10,16.8
"1229",2016,"October",11,15.1
"1230",2016,"October",12,15.4
"1231",2016,"October",13,14.6
"1232",2016,"October",14,22.7
"1233",2016,"October",15,24.8
"1234",2016,"October",16,23.1
"1235",2016,"October",17,18.9
"1236",2016,"October",18,16.6
"1237",2016,"October",19,16.5
"1238",2016,"October",20,21.8
"1239",2016,"October",21,17.6
"1240",2016,"October",22,13.2
"1241",2016,"October",23,14.1
"1242",2016,"October",24,17.1
"1243",2016,"October",25,25.7
"1244",2016,"October",26,18.5
"1245",2016,"October",27,15.4
"1246",2016,"October",28,16.6
"1247",2016,"October",29,25.6
"1248",2016,"October",30,28
"1249",2016,"October",31,17.5
"1250",2016,"November",1,18.4
"1251",2016,"November",2,18.5
"1252",2016,"November",3,19.1
"1253",2016,"November",4,29.2
"1254",2016,"November",5,16.8
"1255",2016,"November",6,21.4
"1256",2016,"November",7,25.9
"1257",2016,"November",8,18.2
"1258",2016,"November",9,17.4
"1259",2016,"November",10,17.5
"1260",2016,"November",11,23.8
"1261",2016,"November",12,25.5
"1262",2016,"November",13,19
"1263",2016,"November",14,15.9
"1264",2016,"November",15,19.2
"1265",2016,"November",16,21.6
"1266",2016,"November",17,31.4
"1267",2016,"November",18,18.9
"1268",2016,"November",19,19.4
"1269",2016,"November",20,33.3
"1270",2016,"November",21,35
"1271",2016,"November",22,14.9
"1272",2016,"November",23,16.8
"1273",2016,"November",24,17
"1274",2016,"November",25,17.9
"1275",2016,"November",26,17.4
"1276",2016,"November",27,16.3
"1277",2016,"November",28,19.6
"1278",2016,"November",29,20
"1279",2016,"November",30,18.9
"1280",2016,"December",1,21.9
"1281",2016,"December",2,21.6
"1282",2016,"December",3,23.9
"1283",2016,"December",4,31.7
"1284",2016,"December",5,21.5
"1285",2016,"December",6,20.8
"1286",2016,"December",7,28.3
"1287",2016,"December",8,23.2
"1288",2016,"December",9,17.3
"1289",2016,"December",10,18.8
"1290",2016,"December",11,19.3
"1291",2016,"December",12,32.8
"1292",2016,"December",13,36.3
"1293",2016,"December",14,19.3
"1294",2016,"December",15,18.6
"1295",2016,"December",16,25.5
"1296",2016,"December",17,20.9
"1297",2016,"December",18,17.5
"1298",2016,"December",19,30.2
"1299",2016,"December",20,21.5
"1300",2016,"December",21,19.9
"1301",2016,"December",22,20
"1302",2016,"December",23,26.3
"1303",2016,"December",24,34.9
"1304",2016,"December",25,36.3
"1305",2016,"December",26,29.3
"1306",2016,"December",27,29.8
"1307",2016,"December",28,38.2
"1308",2016,"December",29,33.5
"1309",2016,"December",30,27.8
"1310",2016,"December",31,23.8
"1311",2017,"January",1,21.1
"1312",2017,"January",2,17.8
"1313",2017,"January",3,19.5
"1314",2017,"January",4,29.3
"1315",2017,"January",5,31.7
"1316",2017,"January",6,35.2
"1317",2017,"January",7,36.7
"1318",2017,"January",8,33.1
"1319",2017,"January",9,24.4
"1320",2017,"January",10,26.2
"1321",2017,"January",11,24.3
"1322",2017,"January",12,26.5
"1323",2017,"January",13,28.8
"1324",2017,"January",14,23.5
"1325",2017,"January",15,21.5
"1326",2017,"January",16,32.7
"1327",2017,"January",17,37.8
"1328",2017,"January",18,20.8
"1329",2017,"January",19,23.4
"1330",2017,"January",20,20.8
"1331",2017,"January",21,22.6
"1332",2017,"January",22,29.6
"1333",2017,"January",23,36.7
"1334",2017,"January",24,22
"1335",2017,"January",25,21.1
"1336",2017,"January",26,21.2
"1337",2017,"January",27,23.6
"1338",2017,"January",28,29.2
"1339",2017,"January",29,27
"1340",2017,"January",30,30
"1341",2017,"January",31,22.1
"1342",2017,"February",1,20.6
"1343",2017,"February",2,24.1
"1344",2017,"February",3,27.6
"1345",2017,"February",4,35.9
"1346",2017,"February",5,30.7
"1347",2017,"February",6,18
"1348",2017,"February",7,27.6
"1349",2017,"February",8,36
"1350",2017,"February",9,36
"1351",2017,"February",10,27.1
"1352",2017,"February",11,24.6
"1353",2017,"February",12,19.9
"1354",2017,"February",13,21
"1355",2017,"February",14,19.5
"1356",2017,"February",15,31.5
"1357",2017,"February",16,23.6
"1358",2017,"February",17,25.5
"1359",2017,"February",18,18.9
"1360",2017,"February",19,17.3
"1361",2017,"February",20,20.3
"1362",2017,"February",21,24
"1363",2017,"February",22,33.3
"1364",2017,"February",23,25
"1365",2017,"February",24,20
"1366",2017,"February",25,19.4
"1367",2017,"February",26,29.8
"1368",2017,"February",27,33.1
"1369",2017,"February",28,33.6
"1370",2017,"March",1,30.5
"1371",2017,"March",2,23.3
"1372",2017,"March",3,28.6
"1373",2017,"March",4,27.4
"1374",2017,"March",5,25.4
"1375",2017,"March",6,27.4
"1376",2017,"March",7,28.2
"1377",2017,"March",8,31.5
"1378",2017,"March",9,32.3
"1379",2017,"March",10,23.8
"1380",2017,"March",11,26.4
"1381",2017,"March",12,27.1
"1382",2017,"March",13,24.3
"1383",2017,"March",14,32.7
"1384",2017,"March",15,33.2
"1385",2017,"March",16,23
"1386",2017,"March",17,22.1
"1387",2017,"March",18,30.8
"1388",2017,"March",19,33.5
"1389",2017,"March",20,28
"1390",2017,"March",21,26.1
"1391",2017,"March",22,21.8
"1392",2017,"March",23,25.1
"1393",2017,"March",24,24.7
"1394",2017,"March",25,29.7
"1395",2017,"March",26,26.7
"1396",2017,"March",27,31.9
"1397",2017,"March",28,24.3
"1398",2017,"March",29,27.2
"1399",2017,"March",30,17.9
"1400",2017,"March",31,17.9
"1401",2017,"April",1,19
"1402",2017,"April",2,18.2
"1403",2017,"April",3,21.5
"1404",2017,"April",4,24.4
"1405",2017,"April",5,25.4
"1406",2017,"April",6,26.6
"1407",2017,"April",7,26.2
"1408",2017,"April",8,28.1
"1409",2017,"April",9,15.2
"1410",2017,"April",10,17
"1411",2017,"April",11,18.5
"1412",2017,"April",12,19.3
"1413",2017,"April",13,22.2
"1414",2017,"April",14,17.9
"1415",2017,"April",15,17.3
"1416",2017,"April",16,22.6
"1417",2017,"April",17,18.3
"1418",2017,"April",18,20.4
"1419",2017,"April",19,26.9
"1420",2017,"April",20,26.5
"1421",2017,"April",21,20.9
"1422",2017,"April",22,22.5
"1423",2017,"April",23,21.8
"1424",2017,"April",24,24.7
"1425",2017,"April",25,17.7
"1426",2017,"April",26,14.5
"1427",2017,"April",27,15.6
"1428",2017,"April",28,19.8
"1429",2017,"April",29,18.1
"1430",2017,"April",30,17.8
"1431",2017,"May",1,20.4
"1432",2017,"May",2,15.2
"1433",2017,"May",3,15.3
"1434",2017,"May",4,16.9
"1435",2017,"May",5,20.5
"1436",2017,"May",6,20
"1437",2017,"May",7,14.8
"1438",2017,"May",8,15.8
"1439",2017,"May",9,15.9
"1440",2017,"May",10,17.7
"1441",2017,"May",11,16.5
"1442",2017,"May",12,19.5
"1443",2017,"May",13,15.6
"1444",2017,"May",14,15.1
"1445",2017,"May",15,16.9
"1446",2017,"May",16,18.2
"1447",2017,"May",17,17
"1448",2017,"May",18,20.2
"1449",2017,"May",19,17.8
"1450",2017,"May",20,19.3
"1451",2017,"May",21,18.7
"1452",2017,"May",22,20.3
"1453",2017,"May",23,19.3
"1454",2017,"May",24,17.1
"1455",2017,"May",25,18.5
"1456",2017,"May",26,18
"1457",2017,"May",27,17.8
"1458",2017,"May",28,15.3
"1459",2017,"May",29,14.8
"1460",2017,"May",30,13.1
"1461",2017,"May",31,13
"1462",2017,"June",1,13.9
"1463",2017,"June",2,14.7
"1464",2017,"June",3,14.3
"1465",2017,"June",4,15.8
"1466",2017,"June",5,17.5
"1467",2017,"June",6,13.9
"1468",2017,"June",7,14.3
"1469",2017,"June",8,15
"1470",2017,"June",9,15
"1471",2017,"June",10,15.8
"1472",2017,"June",11,15.5
"1473",2017,"June",12,15.9
"1474",2017,"June",13,15.1
"1475",2017,"June",14,17.4
"1476",2017,"June",15,19
"1477",2017,"June",16,17.1
"1478",2017,"June",17,15.5
"1479",2017,"June",18,16.3
"1480",2017,"June",19,16.1
"1481",2017,"June",20,15.8
"1482",2017,"June",21,13.5
"1483",2017,"June",22,14.1
"1484",2017,"June",23,14.9
"1485",2017,"June",24,12.3
"1486",2017,"June",25,14.3
"1487",2017,"June",26,12.6
"1488",2017,"June",27,12.1
"1489",2017,"June",28,14.1
"1490",2017,"June",29,13.7
"1491",2017,"June",30,12.3
"1492",2017,"July",1,12.7
"1493",2017,"July",2,14.3
"1494",2017,"July",3,13.9
"1495",2017,"July",4,16.2
"1496",2017,"July",5,15.8
"1497",2017,"July",6,15
"1498",2017,"July",7,14.2
"1499",2017,"July",8,13.5
"1500",2017,"July",9,14.6
"1501",2017,"July",10,16
"1502",2017,"July",11,14.3
"1503",2017,"July",12,15.1
"1504",2017,"July",13,13.3
"1505",2017,"July",14,15.9
"1506",2017,"July",15,12
"1507",2017,"July",16,12.5
"1508",2017,"July",17,15.3
"1509",2017,"July",18,14.5
"1510",2017,"July",19,13.2
"1511",2017,"July",20,10.7
"1512",2017,"July",21,13.8
"1513",2017,"July",22,12.4
"1514",2017,"July",23,14.1
"1515",2017,"July",24,16.1
"1516",2017,"July",25,17.2
"1517",2017,"July",26,15
"1518",2017,"July",27,14.2
"1519",2017,"July",28,14.3
"1520",2017,"July",29,17.9
"1521",2017,"July",30,18.1
"1522",2017,"July",31,14.8
"1523",2017,"August",1,15.5
"1524",2017,"August",2,12.9
"1525",2017,"August",3,9
"1526",2017,"August",4,12.1
"1527",2017,"August",5,14.2
"1528",2017,"August",6,13
"1529",2017,"August",7,12.3
"1530",2017,"August",8,15
"1531",2017,"August",9,16.8
"1532",2017,"August",10,18.8
"1533",2017,"August",11,16.4
"1534",2017,"August",12,17.9
"1535",2017,"August",13,18.7
"1536",2017,"August",14,20.1
"1537",2017,"August",15,17.5
"1538",2017,"August",16,18.1
"1539",2017,"August",17,15.6
"1540",2017,"August",18,12.2
"1541",2017,"August",19,11.8
"1542",2017,"August",20,13.3
"1543",2017,"August",21,12.7
"1544",2017,"August",22,16.8
"1545",2017,"August",23,18.1
"1546",2017,"August",24,13.3
"1547",2017,"August",25,15
"1548",2017,"August",26,15.3
"1549",2017,"August",27,10.7
"1550",2017,"August",28,11.8
"1551",2017,"August",29,12.9
"1552",2017,"August",30,13.8
"1553",2017,"August",31,16.7
"1554",2017,"September",1,17
"1555",2017,"September",2,18.4
"1556",2017,"September",3,17.2
"1557",2017,"September",4,13.7
"1558",2017,"September",5,13.3
"1559",2017,"September",6,15.1
"1560",2017,"September",7,15.2
"1561",2017,"September",8,13.5
"1562",2017,"September",9,14.9
"1563",2017,"September",10,16.1
"1564",2017,"September",11,18.1
"1565",2017,"September",12,19.9
"1566",2017,"September",13,16.4
"1567",2017,"September",14,15.3
"1568",2017,"September",15,16.7
"1569",2017,"September",16,13.3
"1570",2017,"September",17,18.1
"1571",2017,"September",18,22
"1572",2017,"September",19,13.9
"1573",2017,"September",20,19.2
"1574",2017,"September",21,23.6
"1575",2017,"September",22,25.6
"1576",2017,"September",23,30.6
"1577",2017,"September",24,19.9
"1578",2017,"September",25,14.2
"1579",2017,"September",26,15.1
"1580",2017,"September",27,24.6
"1581",2017,"September",28,18.5
"1582",2017,"September",29,18.4
"1583",2017,"September",30,15.4
"1584",2017,"October",1,17.2
"1585",2017,"October",2,16.4
"1586",2017,"October",3,22.3
"1587",2017,"October",4,20.8
"1588",2017,"October",5,19.4
"1589",2017,"October",6,15
"1590",2017,"October",7,23.7
"1591",2017,"October",8,25.3
"1592",2017,"October",9,18.7
"1593",2017,"October",10,18.8
"1594",2017,"October",11,25.6
"1595",2017,"October",12,19.2
"1596",2017,"October",13,16.7
"1597",2017,"October",14,16.1
"1598",2017,"October",15,17.6
"1599",2017,"October",16,28.6
"1600",2017,"October",17,30.2
"1601",2017,"October",18,30.9
"1602",2017,"October",19,25.6
"1603",2017,"October",20,16.2
"1604",2017,"October",21,15.4
"1605",2017,"October",22,16
"1606",2017,"October",23,19
"1607",2017,"October",24,20.5
"1608",2017,"October",25,18.5
"1609",2017,"October",26,16.8
"1610",2017,"October",27,27.4
"1611",2017,"October",28,21.4
"1612",2017,"October",29,28.6
"1613",2017,"October",30,17
"1614",2017,"October",31,16.4
"1615",2017,"November",1,18
"1616",2017,"November",2,17.4
"1617",2017,"November",3,16.6
"1618",2017,"November",4,15.8
"1619",2017,"November",5,17.6
"1620",2017,"November",6,16.1
"1621",2017,"November",7,15.8
"1622",2017,"November",8,16.9
"1623",2017,"November",9,21.8
"1624",2017,"November",10,27.2
"1625",2017,"November",11,24.7
"1626",2017,"November",12,23.3
"1627",2017,"November",13,33
"1628",2017,"November",14,33.9
"1629",2017,"November",15,31.4
"1630",2017,"November",16,21.3
"1631",2017,"November",17,26.8
"1632",2017,"November",18,28.1
"1633",2017,"November",19,29.3
"1634",2017,"November",20,30.8
"1635",2017,"November",21,32.9
"1636",2017,"November",22,32.6
"1637",2017,"November",23,31.9
"1638",2017,"November",24,30.7
"1639",2017,"November",25,32.5
"1640",2017,"November",26,28.3
"1641",2017,"November",27,21.2
"1642",2017,"November",28,31
"1643",2017,"November",29,35.8
"1644",2017,"November",30,34.9
"1645",2017,"December",1,23.5
"1646",2017,"December",2,16.4
"1647",2017,"December",3,17.1
"1648",2017,"December",4,17.5
"1649",2017,"December",5,22.8
"1650",2017,"December",6,21.3
"1651",2017,"December",7,21.9
"1652",2017,"December",8,18.7
"1653",2017,"December",9,23
"1654",2017,"December",10,22.2
"1655",2017,"December",11,20.7
"1656",2017,"December",12,26.4
"1657",2017,"December",13,37.6
"1658",2017,"December",14,23.1
"1659",2017,"December",15,26.4
"1660",2017,"December",16,24.6
"1661",2017,"December",17,24.5
"1662",2017,"December",18,33
"1663",2017,"December",19,37.4
"1664",2017,"December",20,24.5
"1665",2017,"December",21,23.7
"1666",2017,"December",22,27.7
"1667",2017,"December",23,30.2
"1668",2017,"December",24,19.4
"1669",2017,"December",25,21.4
"1670",2017,"December",26,30.5
"1671",2017,"December",27,34.5
"1672",2017,"December",28,32.8
"1673",2017,"December",29,24.4
"1674",2017,"December",30,21.3
"1675",2017,"December",31,25.7
"1676",2018,"January",1,25.3
"1677",2018,"January",2,21.8
"1678",2018,"January",3,21
"1679",2018,"January",4,23.6
"1680",2018,"January",5,30.7
"1681",2018,"January",6,41.7
"1682",2018,"January",7,21.8
"1683",2018,"January",8,21.9
"1684",2018,"January",9,22.5
"1685",2018,"January",10,25.6
"1686",2018,"January",11,34.5
"1687",2018,"January",12,30
"1688",2018,"January",13,20.9
"1689",2018,"January",14,19.5
"1690",2018,"January",15,20.9
"1691",2018,"January",16,26.9
"1692",2018,"January",17,30.3
"1693",2018,"January",18,40
"1694",2018,"January",19,40.3
"1695",2018,"January",20,24.6
"1696",2018,"January",21,28.2
"1697",2018,"January",22,23.9
"1698",2018,"January",23,23.6
"1699",2018,"January",24,23.3
"1700",2018,"January",25,26.6
"1701",2018,"January",26,28.4
"1702",2018,"January",27,33.2
"1703",2018,"January",28,38.1
"1704",2018,"January",29,33.5
"1705",2018,"January",30,21
"1706",2018,"January",31,19.1
"1707",2018,"February",1,22.5
"1708",2018,"February",2,22.1
"1709",2018,"February",3,28.1
"1710",2018,"February",4,25.7
"1711",2018,"February",5,25.7
"1712",2018,"February",6,29.9
"1713",2018,"February",7,37.4
"1714",2018,"February",8,27.5
"1715",2018,"February",9,24.9
"1716",2018,"February",10,30.3
"1717",2018,"February",11,21.2
"1718",2018,"February",12,23.6
"1719",2018,"February",13,29
"1720",2018,"February",14,23.3
"1721",2018,"February",15,24.2
"1722",2018,"February",16,22.2
"1723",2018,"February",17,25.3
"1724",2018,"February",18,24
"1725",2018,"February",19,25.4
"1726",2018,"February",20,29.5
"1727",2018,"February",21,29.3
"1728",2018,"February",22,31
"1729",2018,"February",23,33.5
"1730",2018,"February",24,31.6
"1731",2018,"February",25,19.8
"1732",2018,"February",26,26.5
"1733",2018,"February",27,31.3
"1734",2018,"February",28,30.9
"1735",2018,"March",1,20.5
"1736",2018,"March",2,22.8
"1737",2018,"March",3,32.7
"1738",2018,"March",4,21
"1739",2018,"March",5,21.1
"1740",2018,"March",6,27.6
"1741",2018,"March",7,28.5
"1742",2018,"March",8,30.5
"1743",2018,"March",9,28.8
"1744",2018,"March",10,35.1
"1745",2018,"March",11,22.8
"1746",2018,"March",12,20.9
"1747",2018,"March",13,20.5
"1748",2018,"March",14,21.3
"1749",2018,"March",15,20.8
"1750",2018,"March",16,24.4
"1751",2018,"March",17,32
"1752",2018,"March",18,23.1
"1753",2018,"March",19,28
"1754",2018,"March",20,19.2
"1755",2018,"March",21,25.1
"1756",2018,"March",22,28.1
"1757",2018,"March",23,29.4
"1758",2018,"March",24,24.2
"1759",2018,"March",25,25.4
"1760",2018,"March",26,18.5
"1761",2018,"March",27,22.6
"1762",2018,"March",28,30.3
"1763",2018,"March",29,21.8
"1764",2018,"March",30,23.3
"1765",2018,"March",31,22.4
"1766",2018,"April",1,27.7
"1767",2018,"April",2,20.9
"1768",2018,"April",3,19.8
"1769",2018,"April",4,20.6
"1770",2018,"April",5,18.7
"1771",2018,"April",6,21.2
"1772",2018,"April",7,21.6
"1773",2018,"April",8,29.9
"1774",2018,"April",9,25.7
"1775",2018,"April",10,28.8
"1776",2018,"April",11,27.3
"1777",2018,"April",12,26.5
"1778",2018,"April",13,25.9
"1779",2018,"April",14,16.1
"1780",2018,"April",15,19.1
"1781",2018,"April",16,21
"1782",2018,"April",17,16.6
"1783",2018,"April",18,19.4
"1784",2018,"April",19,22.3
"1785",2018,"April",20,20.2
"1786",2018,"April",21,22.8
"1787",2018,"April",22,20.4
"1788",2018,"April",23,26.9
"1789",2018,"April",24,24.6
"1790",2018,"April",25,20.1
"1791",2018,"April",26,17.5
"1792",2018,"April",27,17.8
"1793",2018,"April",28,18.3
"1794",2018,"April",29,18
"1795",2018,"April",30,19.6
"1796",2018,"May",1,23.4
"1797",2018,"May",2,23.2
"1798",2018,"May",3,24.4
"1799",2018,"May",4,17.2
"1800",2018,"May",5,21.6
"1801",2018,"May",6,21.7
"1802",2018,"May",7,19.5
"1803",2018,"May",8,17.9
"1804",2018,"May",9,18.4
"1805",2018,"May",10,12.8
"1806",2018,"May",11,15.1
"1807",2018,"May",12,16.9
"1808",2018,"May",13,16.2
"1809",2018,"May",14,15.9
"1810",2018,"May",15,14.6
"1811",2018,"May",16,14.3
"1812",2018,"May",17,15
"1813",2018,"May",18,17.7
"1814",2018,"May",19,15.5
"1815",2018,"May",20,16.2
"1816",2018,"May",21,16.7
"1817",2018,"May",22,17
"1818",2018,"May",23,15.3
"1819",2018,"May",24,16.1
"1820",2018,"May",25,14.9
"1821",2018,"May",26,20.5
"1822",2018,"May",27,20.7
"1823",2018,"May",28,20.5
"1824",2018,"May",29,17.9
"1825",2018,"May",30,15.1
"1826",2018,"May",31,14.8
"1827",2018,"June",1,13.3
"1828",2018,"June",2,13.6
"1829",2018,"June",3,13.8
"1830",2018,"June",4,14.4
"1831",2018,"June",5,15
"1832",2018,"June",6,19.1
"1833",2018,"June",7,17.8
"1834",2018,"June",8,13.6
"1835",2018,"June",9,15.6
"1836",2018,"June",10,15.3
"1837",2018,"June",11,17.6
"1838",2018,"June",12,16.6
"1839",2018,"June",13,14.1
"1840",2018,"June",14,14.5
"1841",2018,"June",15,14
"1842",2018,"June",16,13.1
"1843",2018,"June",17,13.1
"1844",2018,"June",18,12
"1845",2018,"June",19,14.5
"1846",2018,"June",20,15.3
"1847",2018,"June",21,15.1
"1848",2018,"June",22,15
"1849",2018,"June",23,12.8
"1850",2018,"June",24,13.1
"1851",2018,"June",25,12.6
"1852",2018,"June",26,14.1
"1853",2018,"June",27,11.2
"1854",2018,"June",28,10.6
"1855",2018,"June",29,12.5
"1856",2018,"June",30,14.2
"1857",2018,"July",1,14.7
"1858",2018,"July",2,14.6
"1859",2018,"July",3,14.3
"1860",2018,"July",4,17.1
"1861",2018,"July",5,18.7
"1862",2018,"July",6,15.2
"1863",2018,"July",7,12.9
"1864",2018,"July",8,13.9
"1865",2018,"July",9,13.8
"1866",2018,"July",10,11.5
"1867",2018,"July",11,11.6
"1868",2018,"July",12,11.3
"1869",2018,"July",13,13.9
"1870",2018,"July",14,15.5
"1871",2018,"July",15,13.8
"1872",2018,"July",16,12.6
"1873",2018,"July",17,17.5
"1874",2018,"July",18,15.2
"1875",2018,"July",19,17.6
"1876",2018,"July",20,12.1
"1877",2018,"July",21,14
"1878",2018,"July",22,14.8
"1879",2018,"July",23,15.4
"1880",2018,"July",24,15.6
"1881",2018,"July",25,15.7
"1882",2018,"July",26,15.1
"1883",2018,"July",27,19.5
"1884",2018,"July",28,18.6
"1885",2018,"July",29,14.6
"1886",2018,"July",30,12.6
"1887",2018,"July",31,16.2
"1888",2018,"August",1,14.8
"1889",2018,"August",2,16.1
"1890",2018,"August",3,18.4
"1891",2018,"August",4,15.3
"1892",2018,"August",5,17.6
"1893",2018,"August",6,13.8
"1894",2018,"August",7,14.8
"1895",2018,"August",8,16
"1896",2018,"August",9,15.4
"1897",2018,"August",10,20
"1898",2018,"August",11,14.7
"1899",2018,"August",12,14.8
"1900",2018,"August",13,14.9
"1901",2018,"August",14,16.7
"1902",2018,"August",15,18.4
"1903",2018,"August",16,14.7
"1904",2018,"August",17,15.9
"1905",2018,"August",18,13.8
"1906",2018,"August",19,11.9
"1907",2018,"August",20,12.4
"1908",2018,"August",21,12.4
"1909",2018,"August",22,14
"1910",2018,"August",23,16
"1911",2018,"August",24,15.4
"1912",2018,"August",25,15.2
"1913",2018,"August",26,14.7
"1914",2018,"August",27,12.9
"1915",2018,"August",28,11.2
"1916",2018,"August",29,12.5
"1917",2018,"August",30,16.7
"1918",2018,"August",31,16
"1919",2018,"September",1,13.4
"1920",2018,"September",2,12.3
"1921",2018,"September",3,13.1
"1922",2018,"September",4,19.5
"1923",2018,"September",5,20.2
"1924",2018,"September",6,20.6
"1925",2018,"September",7,15.1
"1926",2018,"September",8,17.5
"1927",2018,"September",9,18.1
"1928",2018,"September",10,18
"1929",2018,"September",11,24.2
"1930",2018,"September",12,18.5
"1931",2018,"September",13,19.7
"1932",2018,"September",14,22.7
"1933",2018,"September",15,13.7
"1934",2018,"September",16,14
"1935",2018,"September",17,18.1
"1936",2018,"September",18,20.3
"1937",2018,"September",19,14.7
"1938",2018,"September",20,17.4
"1939",2018,"September",21,18.9
"1940",2018,"September",22,17.3
"1941",2018,"September",23,13.7
"1942",2018,"September",24,14.9
"1943",2018,"September",25,13.6
"1944",2018,"September",26,17.6
"1945",2018,"September",27,24.2
"1946",2018,"September",28,15.2
"1947",2018,"September",29,14
"1948",2018,"September",30,16.5
"1949",2018,"October",1,23.3
"1950",2018,"October",2,25.8
"1951",2018,"October",3,18.1
"1952",2018,"October",4,14.6
"1953",2018,"October",5,20.5
"1954",2018,"October",6,23.8
"1955",2018,"October",7,24.7
"1956",2018,"October",8,28.2
"1957",2018,"October",9,17.9
"1958",2018,"October",10,16.5
"1959",2018,"October",11,20.7
"1960",2018,"October",12,22.7
"1961",2018,"October",13,24.9
"1962",2018,"October",14,27.3
"1963",2018,"October",15,27.5
"1964",2018,"October",16,23.1
"1965",2018,"October",17,22.6
"1966",2018,"October",18,20.7
"1967",2018,"October",19,27.4
"1968",2018,"October",20,16.1
"1969",2018,"October",21,19.2
"1970",2018,"October",22,27
"1971",2018,"October",23,18.8
"1972",2018,"October",24,15.5
"1973",2018,"October",25,19.5
"1974",2018,"October",26,18.3
"1975",2018,"October",27,19.6
"1976",2018,"October",28,15.9
"1977",2018,"October",29,17
"1978",2018,"October",30,25.2
"1979",2018,"October",31,19.5
"1980",2018,"November",1,34.3
"1981",2018,"November",2,31.6
"1982",2018,"November",3,20.9
"1983",2018,"November",4,20.9
"1984",2018,"November",5,28.6
"1985",2018,"November",6,21.4
"1986",2018,"November",7,17.2
"1987",2018,"November",8,17
"1988",2018,"November",9,20
"1989",2018,"November",10,20.3
"1990",2018,"November",11,19.6
"1991",2018,"November",12,30.2
"1992",2018,"November",13,30.5
"1993",2018,"November",14,17.3
"1994",2018,"November",15,18.1
"1995",2018,"November",16,19
"1996",2018,"November",17,18.1
"1997",2018,"November",18,26.6
"1998",2018,"November",19,30.9
"1999",2018,"November",20,27.6
"2000",2018,"November",21,23.2
"2001",2018,"November",22,16.4
"2002",2018,"November",23,14.5
"2003",2018,"November",24,16.9
"2004",2018,"November",25,18.8
"2005",2018,"November",26,18.6
"2006",2018,"November",27,20
"2007",2018,"November",28,20.8
"2008",2018,"November",29,18.7
"2009",2018,"November",30,20.8
"2010",2018,"December",1,31.7
"2011",2018,"December",2,19.5
"2012",2018,"December",3,23.6
"2013",2018,"December",4,20.5
"2014",2018,"December",5,25.2
"2015",2018,"December",6,35.5
"2016",2018,"December",7,38
"2017",2018,"December",8,30.3
"2018",2018,"December",9,20.1
"2019",2018,"December",10,20.6
"2020",2018,"December",11,23.6
"2021",2018,"December",12,33.6
"2022",2018,"December",13,21.1
"2023",2018,"December",14,22.7
"2024",2018,"December",15,24.8
"2025",2018,"December",16,23.5
"2026",2018,"December",17,21.8
"2027",2018,"December",18,20.8
"2028",2018,"December",19,26.9
"2029",2018,"December",20,21.2
"2030",2018,"December",21,20.9
"2031",2018,"December",22,19.1
"2032",2018,"December",23,26.9
"2033",2018,"December",24,34.2
"2034",2018,"December",25,23.9
"2035",2018,"December",26,23.8
"2036",2018,"December",27,37.4
"2037",2018,"December",28,36.4
"2038",2018,"December",29,23.9
"2039",2018,"December",30,22.7
"2040",2018,"December",31,23.5
"2041",2019,"January",1,26.2
"2042",2019,"January",2,22.2
"2043",2019,"January",3,29.5
"2044",2019,"January",4,42.6
"2045",2019,"January",5,21.2
"2046",2019,"January",6,22.1
"2047",2019,"January",7,23.1
"2048",2019,"January",8,24.1
"2049",2019,"January",9,20.5
"2050",2019,"January",10,21.4
"2051",2019,"January",11,30.4
"2052",2019,"January",12,24.7
"2053",2019,"January",13,30.5
"2054",2019,"January",14,32.3
"2055",2019,"January",15,30.4
"2056",2019,"January",16,26.7
"2057",2019,"January",17,32.5
"2058",2019,"January",18,28.7
"2059",2019,"January",19,23.5
"2060",2019,"January",20,22.9
"2061",2019,"January",21,25.1
"2062",2019,"January",22,26.8
"2063",2019,"January",23,23.9
